{"Epoch": 2, "Train Dice Loss": 0.00039299976197071373, "Validation Dice Loss": 0.00039299976197071373, "_runtime": 15, "_timestamp": 1637474157, "_step": 1, "_wandb": {"runtime": 11}}