{"Epoch": 2, "Train Dice Loss": 3.2061147066997364e-05, "Validation Dice Loss": 3.2061147066997364e-05, "_runtime": 11, "_timestamp": 1637474611, "_step": 1, "_wandb": {"runtime": 7}}