{"Epoch": 2, "Train Dice Loss": 0.00020223837054800242, "Validation Dice Loss": 0.00020223837054800242, "_runtime": 21, "_timestamp": 1637473888, "_step": 1, "_wandb": {"runtime": 17}}